instnm,control,tuitionfee_in,tuitionfee_out,md_earn_wne_p10
Yeshivas Novominsk,2,10000,10000,.
Yeshiva D'monsey Rabbinical College,2,7300,7300,.
Alabama A & M University,1,9744,18354,31000
Spring Hill College,2,39464,39464,45100
Alabama State University,1,11068,19396,27700
Arkansas Tech University,1,7254,12678,34100
University of Central Arkansas,1,8752,15275,38300
Art Center College of Design,2,43416,43416,53600
California Institute of Technology,2,52362,52362,85900
Cogswell College,3,20056,20056,49800
Yeshivah Gedolah Rabbinical College,2,8300,8300,.
Mary Baldwin University,2,31110,31110,37200
Emory & Henry College,2,35100,35100,40700
St. John's College,2,54118,54118,33500
Antioch University-Los Angeles,2,.,.,38200
South University-Columbia,3,17014,17014,33400
Austin Graduate School of Theology,2,.,.,.
West Liberty University,1,7680,15620,36400
Davis & Elkins College,2,29590,29590,37400
Antioch University-Midwest,2,.,.,38200
Cleary University,2,20550,20550,53600
Wentworth Institute of Technology,2,33950,33950,65100
Western New England University,2,36804,36804,54900
Wheaton College,2,52626,52626,47600
Worcester Polytechnic Institute,2,50530,50530,84900
College of Our Lady of the Elms,2,35788,35788,46200
Eastern Nazarene College,2,25598,25598,42300
Emmanuel College,2,39804,39804,49700
Boston College,2,55464,55464,72500
Newbury College,2,35540,35540,39700
Oakland University,1,12606,24230,43100
Cornerstone University,2,24500,24500,35400
Spring Arbor University,2,28810,28810,41000
Wayne State University,1,13097,27991,40800
Gustavus Adolphus College,2,45400,45400,51700
University of Minnesota-Morris,1,13314,15342,40700
North Central University,2,24240,24240,34600
Bemidji State University,1,8696,8696,40600
University of Northwestern-St Paul,2,31540,31540,38500
Belhaven University,2,25300,25300,37300
Mississippi Valley State University,1,6550,6550,23200
College of Saint Benedict,2,45264,45264,52600
Saint Mary's University of Minnesota,2,35110,35110,47800
St Olaf College,2,47840,47840,50400
University of St Thomas,2,42736,42736,56800
Culver-Stockton College,2,26680,26680,36600
Drury University,2,28515,28515,32200
Baptist Bible College,2,14150,14150,29000
Missouri Baptist University,2,27124,27124,35600
Central Methodist University-College of Liberal Arts and Sciences,2,24420,24420,35400
Missouri Southern State University,1,6503,13005,33300
Missouri Western State University,1,7960,13835,34400
Harris-Stowe State University,1,5388,10020,26700
Northwest Missouri State University,1,7844,13166,40000
College of the Ozarks,2,19360,19360,32500
Bellevue University,2,7827,7827,53600
Colby-Sawyer College,2,42398,42398,43600
University of New Hampshire-Main Campus,1,18499,33879,51400
University of New Hampshire at Manchester,1,15265,30635,51400
Centenary University,2,32998,32998,45800
Princeton University,2,50340,50340,74700
Ramapo College of New Jersey,1,14374,23715,53200
Rutgers University-Camden,1,14835,30613,57900
New Mexico Highlands University,1,6150,10302,36300
Seton Hall University,2,42170,42170,57200
Stevens Institute of Technology,2,52202,52202,89200
Barnard College,2,55032,55032,57900
Beth Hatalmud Rabbinical College,2,8900,8900,.
CUNY Queens College,1,7338,15008,48200
CUNY York College,1,7158,14828,40800
CUNY City College,1,7140,14810,46300
CUNY Hunter College,1,7182,14852,47200
CUNY Lehman College,1,7210,14880,43100
LIM College,3,27030,27030,46000
Hilbert College,2,22350,22350,42600
Machzikei Hadath Rabbinical College,2,11500,11500,.
Iona College,2,38812,38812,56100
Marymount Manhattan College,2,33778,33778,41400
Nazareth College,2,34505,34505,44300
Rabbinical Academy Mesivta Rabbi Chaim Berlin,2,12450,12450,.
Siena College,2,36975,36975,57100
St. Joseph's College-New York,2,27830,27830,50400
Rensselaer Polytechnic Institute,2,53880,53880,82000
New York Institute of Technology,2,36890,36890,55100
Nyack College,2,25350,25350,41300
St Bonaventure University,2,34331,34331,47700
The College of Saint Rose,2,32574,32574,43800
Schreiner University,2,27960,27960,40200
The University of Texas at Austin,1,10610,37580,58200
The University of Texas Rio Grande Valley,1,7813,17773,41900
Texas Christian University,2,46950,46950,52800
The University of Texas of the Permian Basin,1,6260,7100,46100
Southwestern Adventist University,2,21564,21564,41500
Texas Tech University,1,9080,19040,51400
Champlain College,2,41010,41010,45400
Green Mountain College,2,37080,37080,30300
Norwich University,2,40014,40014,53700
Sterling College,2,38300,38300,.
Brigham Young University-Provo,2,5620,5620,59700
Utah State University,1,8138,22316,43200
Christopher Newport University,1,14754,27620,46900
Sweet Briar College,2,21000,21000,38200
Hampton University,2,26702,26702,44700
Hollins University,2,39035,39035,35400
Old Dominion University,1,10560,29460,43700
Randolph-Macon College,2,41300,41300,49100
Virginia Military Institute,1,18862,45706,65700
University of Puget Sound,2,49776,49776,52700
Virginia State University,1,9056,20307,35200
Saint Martin's University,2,37356,37356,47800
Seattle University,2,44610,44610,56500
Heritage University,2,17914,17914,35900
City University of Seattle,2,16973,16973,46500
University of Washington-Seattle Campus,1,11207,36588,57700
Carroll University,2,31918,31918,44200
Alderson Broaddus University,2,27910,27910,40400
Shepherd University,1,7548,18048,39700
Bluefield State College,1,7056,13536,26600
University of Charleston,2,30900,30900,40800
West Virginia University,1,8856,24950,45800
Wheeling University,2,29290,29290,46200
Marshall University,1,8128,18614,35600
Marquette University,2,41870,41870,62600
Milwaukee School of Engineering,2,40749,40749,71300
Northland College,2,36183,36183,33700
Ripon College,2,43808,43808,45500
University of Wisconsin-Platteville,1,7796,15646,47300
University of Wisconsin-Eau Claire,1,8820,17095,46200
Wisconsin Lutheran College,2,29725,29725,41300
University of Wisconsin-Oshkosh,1,7621,15194,42700
Family of Faith Christian University,2,6570,6570,.
National American University-Overland Park,3,15000,15000,34500
Baptist University of the Americas,2,6240,6240,.
Charlotte Christian College and Theological Seminary,2,10368,10368,.
Neumont College of Computer Science,3,24750,24750,69400
Johnson & Wales University-Charlotte,2,32441,32441,38800
Fairleigh Dickinson University-Florham Campus,2,43142,43142,48100
Johnson & Wales University-Denver,2,32441,32441,38800
National American University-Albuquerque West,3,15000,15000,34500
Carolina Christian College,2,8800,8800,.
Bryn Athyn College of the New Church,2,22860,22860,.
Franklin W Olin College of Engineering,2,53736,53736,.
University of Wisconsin-Milwaukee Flex,1,.,.,.
Mechon L'hoyroa,2,8500,8500,.
Presbyterian Theological Seminary in America,2,6860,6860,.
University of Saint Katherine,2,25300,25300,.
Union Bible College,2,5900,5900,.
Indiana Institute of Technology-College of Professional Studies,2,10224,10224,.
Purdue University Northwest,1,7691,17367,.
California Jazz Conservatory,2,19100,19100,.
Chamberlain University-Nevada,3,19375,19375,.
Hussian College-Los Angeles,3,40100,40100,.
Arizona College-Las Vegas,3,19764,19764,.
Purdue University Global-Milwaukee,1,14343,14343,.
Antioch College,2,35568,35568,.
Catholic Distance University,2,10175,10175,.
University of North Texas at Dallas,1,9139,21589,45000
University of Phoenix-Florida,3,.,.,47100
University of Phoenix-Michigan,3,.,.,47100
West Coast University-Miami,3,21432,21432,54900
University of Phoenix-Virginia,3,9552,9552,47100
Yeshiva Yesodei Hatorah,2,13000,13000,.
Northeastern University Lifelong Learning Network,2,.,.,67400
DeVry University-Arizona,3,17557,17557,44100
DeVry University-Georgia,3,17545,17545,44100
DeVry University-Missouri,3,17395,17395,44100
DeVry University-North Carolina,3,18085,18085,44100
DeVry University-Pennsylvania,3,17689,17689,44100
DeVry University-Texas,3,17724,17724,44100
California University of Management and Sciences,2,6540,6540,.
Gemini School of Visual Arts & Communication,3,.,.,.
Grace Mission University,2,2840,2840,.
Middle Georgia State University,1,3924,11092,31500
Mid-South Christian College,2,7902,7902,.
Veritas Baptist College,2,5800,5800,.
Montana Bible College,2,.,.,.
American Sentinel University,3,10140,10140,.
Yeshiva Gedolah Zichron Leyma,2,10750,10750,.
Criswell College,2,10710,10710,.
Beverly Hills Design Institute,3,23220,23220,.
Chamberlain University-Georgia,3,19375,19375,58400
Colorado State University-Global Campus,1,.,.,.
South University-Cleveland,3,.,.,33400
Warner Pacific University Professional and Graduate Studies,2,6000,6000,41000
Carolina College of Biblical Studies,2,6320,6320,.
North American University,2,9900,9900,.
American Business and Technology University,3,.,.,.
Strayer University-Arkansas,3,13380,13380,45900
Strayer University-Mississippi,3,13380,13380,45900
The Art Institute of San Antonio,3,17568,17568,34100
South University-Virginia Beach,3,17014,17014,33400
Herzing University-Kenosha,2,14000,14000,37800
Strayer University-Florida,3,13380,13380,45900
Strayer University-Delaware,3,13380,13380,45900
Strayer University-New Jersey,3,13380,13380,45900
Roseman University of Health Sciences,2,.,.,.
Ave Maria University,2,20850,20850,32800
University of California-Merced,1,13538,42530,.
SAE Expression College,3,26079,26079,48400
Ottawa University-Online,2,.,.,41500
Bais Medrash Toras Chesed,2,6400,6400,.
South University-Tampa,3,17014,17014,33400
Yeshiva Toras Chaim,2,12250,12250,.
Chamberlain University-Arizona,3,19375,19375,58400
Oregon State University-Cascades Campus,1,10158,29403,49600
University of Connecticut-Waterbury Campus,1,13688,36056,58400
Linfield College-Online and Continuing Education,2,.,.,55200
University of the Potomac-Washington DC Campus,3,15984,15984,47600
Faith Theological Seminary,2,6760,6760,.
Tuskegee University,2,22170,22170,35500
Arizona State University-Tempe,1,10822,28336,47700
Ottawa University-Phoenix,2,.,.,41500
University of Arkansas,1,9130,25168,44900
Grand Canyon University,3,17050,17050,52700
Harding University,2,19845,19845,40900
Henderson State University,1,8530,10180,35700
Williams Baptist University,2,17320,17320,33100
John Brown University,2,26928,26928,45800
Biola University,2,40488,40488,44500
Lincoln University,2,11110,11110,.
Simpson University,2,30200,30200,34500
Walden University,3,12120,12120,50100
University of Southern California,2,56225,56225,74000
Holy Apostles College and Seminary,2,7870,7870,.
Nazarene Bible College,2,11760,11760,29700
University of Northern Colorado,1,9918,21786,42000
Mitchell College,2,33200,33200,32000
University of New Haven,2,39270,39270,52100
Central Connecticut State University,1,10616,23124,47900
Delaware State University,1,7868,16904,35800
Lynn University,2,38210,38210,39300
University of Saint Joseph,2,38173,38173,52800
Flagler College-St Augustine,2,18950,18950,38900
Florida International University,1,6556,18954,46300
Florida State University,1,5656,18786,46400
Full Sail University,3,24109,24109,39300
AI Miami International University of Art and Design,3,17604,17604,31600
Clark Atlanta University,2,22186,22186,35500
Berry College,2,36556,36556,40000
The University of West Florida,1,6360,19241,38900
The University of Tampa,2,29208,29208,48600
Georgia Southwestern State University,1,5381,15842,36400
University of West Georgia,1,6288,17074,38200
University of St Francis,2,32320,32320,53100
Holy Cross College,2,30700,30700,39900
Saint Xavier University,2,33880,33880,48200
Huntington University,2,26158,26158,36200
Indiana University-Purdue University-Indianapolis,1,9465,29821,42500
Grinnell College,2,52392,52392,49100
Manchester University,2,32758,32758,40700
Indiana Wesleyan University-Marion,2,26630,26630,49900
Iowa Wesleyan University,2,24600,30500,39500
Fort Hays State University,1,5130,15210,38200
Midway University,2,24750,24750,34500
Western Kentucky University,1,10512,26280,34700
Murray State University,1,9084,24540,37100
Northern Kentucky University,1,10032,19680,37500
Louisiana State University and Agricultural & Mechanical College,1,11950,28627,50100
Spalding University,2,24500,24500,45100
Louisiana Tech University,1,9645,18558,41500
McNeese State University,1,7860,15898,38200
University of Maine at Augusta,1,7988,17918,27700
Southern University and A & M College,1,9122,16472,34700
University of Maine at Machias,1,7830,15100,27500
University of Maine at Presque Isle,1,8035,12235,32400
Franciscan Missionaries of Our Lady University,2,13287,13287,47200
University of New England,2,37620,37620,46300
Salisbury University,1,9824,19526,50500
Bowie State University,1,8234,18874,45800
Capitol Technology University,2,25540,25540,63900
University of Maryland Global Campus,1,7416,12336,51200
American International College,2,35680,35680,46000
Frostburg State University,1,9172,22892,44600
Goucher College,2,44300,44300,48900
Purdue University Global-Hagerstown,1,14343,14343,33900
Clark University,2,45730,45730,49100
Dean College,2,39434,39434,33500
Lasell University,2,36000,36000,43000
Boston Baptist College,2,12600,12600,33600
Bay State College,3,22320,22320,32100
Massachusetts College of Art and Design,1,13200,36400,36200
Harvard University,2,50420,50420,89700
Hellenic College-Holy Cross Greek Orthodox School of Theology,2,22490,22490,.
College of the Holy Cross,2,52770,52770,71000
Bridgewater State University,1,10367,16507,45300
Cambridge College,2,15588,15588,38100
Montserrat College of Art,2,33400,33400,26500
Saint John's Seminary,2,24915,24915,.
Alma College,2,40258,40258,42200
The New England Conservatory of Music,2,48750,48750,32100
University of Massachusetts-Dartmouth,1,13921,29141,48200
University of Bridgeport,2,33055,33055,43100
Barry University,2,30014,30014,45800
Wesleyan University,2,54944,54944,54700
Yale University,2,53430,53430,83200
Florida Institute of Technology,2,41850,41850,56600
Luther Rice College & Seminary,2,7616,7616,44800
Ringling College of Art and Design,2,46420,46420,33200
Clayton  State University,1,5419,15880,38800
University of South Florida-Main Campus,1,6410,17324,43500
Southeastern University,2,25870,25870,34800
Talmudic College of Florida,2,13250,13250,.
Georgia College & State University,1,9346,28060,40500
Young Harris College,2,29067,29067,37900
Georgia Southern University,1,6356,17142,41900
University of Hawaii at Manoa,1,11970,34002,45800
Hawaii Pacific University,2,25980,25980,49900
Savannah College of Art and Design,2,37130,37130,36400
University of Hawaii-West Oahu,1,7512,20472,38600
Thomas University,2,16940,16940,34300
Truett McConnell University,2,20230,20230,32600
Valdosta State University,1,6410,17196,38700
LaGrange College,2,30500,30500,39600
Mercer University,2,36894,36894,48200
Concordia University-Chicago,2,32078,32078,39700
The College of Idaho,2,30155,30155,40000
Northwest Nazarene University,2,29800,29800,39600
American Islamic College,2,.,.,.
Columbia College Chicago,2,27176,27176,34400
Blessing Rieman College of Nursing and Health Sciences,2,.,.,48200
Lake Forest College,2,47064,47064,50900
Hebrew Theological College,2,12920,12920,21100
Lincoln Christian University,2,13200,13200,30900
Northwestern University,2,54568,54568,69000
Illinois College,2,33090,33090,42800
Grace College and Theological Seminary,2,24768,24768,34900
Wheaton College,2,36420,36420,48400
University of Illinois at Springfield,1,11813,21338,44600
Southern Illinois University-Edwardsville,1,12132,12132,43000
University of Evansville,2,36416,36416,41800
Franklin College,2,32010,32010,44100
Trinity International University-Illinois,2,32390,32390,41100
Buena Vista University,2,34004,34004,40000
Indiana State University,1,9090,19836,39000
Coe College,2,44050,44050,46200
Indiana University-Bloomington,1,10681,35456,47700
California Baptist University,2,33478,33478,42600
California Institute of the Arts,2,49276,49276,37900
San Diego Christian College,2,31404,31404,36700
California State University-Dominguez Hills,1,6942,18822,44700
California State University-East Bay,1,6983,18863,51700
California State University-Sacramento,1,7310,19190,48900
University of California-Davis,1,14402,43394,58200
University of California-Riverside,1,13827,42819,49700
University of California-Santa Cruz,1,13960,42952,46900
Life Pacific University,2,15654,15654,32700
La Sierra University,2,32778,32778,49500
The Master's University and Seminary,2,25390,25390,41700
San Francisco State University,1,7260,19140,49200
Notre Dame de Namur University,2,35350,35350,56400
Occidental College,2,54686,54686,50600
University of Redlands,2,49504,49504,55000
Hope International University,2,33400,33400,36000
Santa Clara University,2,51711,51711,72600
Pitzer College,2,54056,54056,48700
San Francisco Art Institute,2,46534,46534,31900
Saint Mary's College of California,2,47280,47280,56300
Vanguard University of Southern California,2,33720,33720,41800
University of Colorado Boulder,1,12532,37286,50800
Westmont College,2,45304,45304,51400
Woodbury University,2,39790,39790,48200
Colorado Technical University-Colorado Springs,3,11960,11960,42200
Western Colorado University,1,10114,21586,39000
Muhlenberg College,2,52595,52595,59400
Neumann University,2,31400,31400,44300
Pennsylvania State University-Penn State Hazleton,1,14468,23028,50100
University of Pittsburgh-Greensburg,1,13890,25134,53900
University of Valley Forge,2,21341,21341,31100
Slippery Rock University of Pennsylvania,1,10757,14615,41700
Point Park University,2,31450,31450,37100
Susquehanna University,2,47290,47290,54100
Widener University,2,45948,45948,53400
Limestone College,2,25025,25025,37400
Charleston Southern University,2,25540,25540,36900
Bryant University,2,43973,43973,69300
Johnson & Wales University-Providence,2,32441,32441,38800
Medical University of South Carolina,1,.,.,83700
University of South Carolina-Upstate,1,11852,23520,36900
Freed-Hardeman University,2,21950,21950,37100
Lane College,2,11500,11500,25400
Dakota State University,1,9276,12249,38700
Mount Marty College,2,27276,27276,36600
The University of Tennessee-Martin,1,9512,15552,36200
The Art Institute of Houston,3,17568,17568,34100
Tennessee State University,1,8792,21512,35300
Texas A&M University-Texarkana,1,7363,19392,35900
Jarvis Christian College,2,11720,11720,25800
Texas A & M International University,1,7176,18064,45800
University of Houston-Downtown,1,6500,16460,45000
University of Houston-Victoria,1,6491,16451,41800
Howard Payne University,2,28090,28090,37600
Huston-Tillotson University,2,14346,14346,30800
Saint Edward's University,2,45428,45428,46500
Texas A & M University-Kingsville,1,8922,23899,42600
The University of Texas at Tyler,1,8292,21282,44200
Southwestern Assemblies of God University,2,19582,19582,35700
Sentara College of Health Sciences,2,.,.,55200
American Academy of Art,2,34270,34270,31100
Eureka College,2,25390,25390,36000
Augustana College,2,42135,42135,52000
University of Illinois at Urbana-Champaign,1,15094,31664,61500
Millikin University,2,35002,35002,42900
Monmouth College,2,37674,37674,41500
Quincy University,2,28562,28562,39500
Knox College,2,46554,46554,39700
Roosevelt University,2,29832,29832,43600
Rush University,2,.,.,85900
Saint Mary-of-the-Woods College,2,29960,29960,32300
Divine Word College,2,13160,13160,.
Trine University,2,32176,32176,43300
Northwestern College,2,31100,31100,38400
Bethany College,2,27850,27850,40200
Palmer College of Chiropractic,2,9225,9225,41200
Wartburg College,2,41280,41280,45400
Luther College,2,42290,42290,47400
Maharishi University of Management,2,16530,16530,21400
Mercy College of Health Sciences,2,17952,17952,47000
Morningside College,2,31530,31530,43700
Sterling College,2,26000,26000,35700
University of Kansas,1,11148,27358,48800
Kansas Wesleyan University,2,29500,29500,40300
McPherson College,2,28951,28951,39300
Ottawa University-Ottawa,2,30050,30050,41500
Pittsburg State University,1,7298,18642,39400
Clear Creek Baptist Bible College,2,9440,9440,26300
University of the Cumberlands,2,23000,23000,35100
Centenary College of Louisiana,2,36580,36580,44900
Xavier University of Louisiana,2,24348,24348,49800
Bates College,2,53794,53794,59200
University of Southern Maine,1,8918,21294,38700
Bowdoin College,2,53922,53922,65500
Oregon State University,1,11166,30141,49600
Pacific University,2,44298,44298,46600
Cabrini University,2,31920,31920,46600
East Stroudsburg University of Pennsylvania,1,11502,24184,44600
Cedar Crest College,2,39216,39216,46700
Gwynedd Mercy University,2,33600,33600,54300
Cheyney University of Pennsylvania,1,10533,15799,29400
Moore College of Art and Design,2,41424,41424,33300
Lincoln University,1,11036,16952,34600
Pennsylvania State University-Penn State Mont Alto,1,13702,21886,50100
Lycoming College,2,40315,40315,45700
Robert Morris University,2,30300,30300,47700
University of Pennsylvania,2,55584,55584,85900
The University of the Arts,2,44930,44930,32600
University of the Sciences,2,25000,25000,91600
Saint Vincent College,2,35462,35462,47600
Providence College,2,50528,50528,64100
Clemson University,1,15374,37128,52400
Columbia International University,2,23690,23690,29900
Roger Williams University,2,34522,34522,50500
Erskine College,2,36150,36150,37400
University of South Carolina Aiken,1,10760,21218,37100
Hiwassee College,2,19571,19571,30300
American Baptist College,2,10074,10074,.
Austin Peay State University,1,8159,23399,34900
Bethel University,2,16552,16552,38600
Memphis College of Art,2,.,.,27100
University of Memphis,1,9317,21029,37400
Presentation College,2,20375,20375,34700
East Tennessee State University,1,8935,27199,35100
Middle Tennessee State University,1,8858,27098,38700
Amberton University,2,.,.,.
Trevecca Nazarene University,2,25598,25598,40500
Abilene Christian University,2,34850,34850,43000
Baylor University,2,45542,45542,51600
Kuyper College,2,21989,21989,28600
Saginaw Valley State University,1,10308,24215,39300
Great Lakes Christian College,2,17220,17220,29400
Hope College,2,34010,34010,46200
Rochester University,2,23282,23282,35300
University of Michigan-Dearborn,1,12930,25158,48600
Siena Heights University,2,27124,27124,42000
Minneapolis College of Art and Design,2,39120,39120,35400
Herzing University-Minneapolis,2,14000,14000,37800
University of Mississippi,1,8660,24614,42700
Missouri University of Science and Technology,1,9440,26461,71200
Southeast Missouri State University,1,7418,13155,37000
Park University,2,11572,11572,45900
Stevens-The Institute of Business & Arts,3,12960,12960,24800
Montana State University,1,7277,24993,43200
Washington University in St Louis,2,53399,53399,70100
Webster University,2,27900,27900,42300
William Woods University,2,24110,24110,36500
Peru State College,1,7512,7512,37500
College of Saint Mary,2,20350,20350,41200
Concordia University-Nebraska,2,32220,32220,40100
Magdalen College,2,24000,24000,.
Hastings College,2,30050,30050,44400
The Art Institute of Las Vegas,3,17316,17316,29400
University of Nevada-Las Vegas,1,7985,23132,45000
Nebraska Methodist College of Nursing & Allied Health,2,16308,16308,48700
Rivier University,2,32140,32140,45400
University of Nebraska at Omaha,1,7790,20764,44200
University of Nebraska-Lincoln,1,9242,25038,46400
Granite State College,1,7761,8745,35400
Beth Medrash Govoha,2,.,.,25300
Barton College,2,30880,30880,38100
Belmont Abbey College,2,18500,18500,38200
Stony Brook University,1,9625,27295,57600
SUNY College at Brockport,1,8412,18192,42600
SUNY College at Geneseo,1,8651,18431,48800
SUNY College at Oswego,1,8440,18220,43900
SUNY College at Old Westbury,1,8143,17923,44300
SUNY Empire State College,1,7405,17185,41400
SUNY Maritime College,1,8283,18063,82800
Upstate Medical University,1,.,.,76400
Talmudical Seminary Oholei Torah,2,9800,9800,19900
Heritage Bible College,2,8328,8328,.
North Carolina Central University,1,6464,19171,32900
University of North Carolina at Pembroke,1,3418,7418,34400
East Carolina University,1,7188,23465,40500
Elizabeth City State University,1,3194,7194,30400
Tiffin University,2,25000,25000,42600
Notre Dame College,2,30160,30160,42600
Ohio Northern University,2,32260,32260,63500
University of Science and Arts of Oklahoma,1,7200,17550,32000
Wittenberg University,2,39500,39500,43200
Southwestern Oklahoma State University,1,7335,14235,39300
Xavier University,2,38530,38530,51600
Youngstown State University,1,8967,9327,35900
Oklahoma State University-Main Campus,1,9019,24539,46500
Oklahoma Wesleyan University,2,27136,27136,50900
Southern Nazarene University,2,25234,25234,47600
George Fox University,2,36020,36020,45100
Grove City College,2,17930,17930,.
Pennsylvania State University-Penn State New Kensington,1,13702,21886,50100
La Roche University,2,28564,28564,40400
Pennsylvania State University-Penn State Scranton,1,14468,23028,50100
Lafayette College,2,53630,53630,68600
Pennsylvania State University-Penn State Beaver,1,13702,21886,50100
Salem College,2,29166,29166,36300
University of North Carolina at Asheville,1,7145,23868,34500
Baldwin Wallace University,2,32586,32586,44400
Capital University,2,35466,35466,44000
North Dakota State University-Main Campus,1,9414,13393,48200
Case Western Reserve University,2,49042,49042,74600
Wake Forest University,2,53322,53322,63800
Valley City State University,1,7626,17166,39300
Cincinnati Christian University,2,17228,17228,32700
Malone University,2,30860,30860,41700
Heidelberg University,2,31000,31000,39300
Hiram College,2,36358,36358,42700
Miami University-Middletown,1,5880,16472,47100
John Carroll University,2,41340,41340,53800
University of Mount Union,2,30860,30860,42900
University of Oklahoma-Health Sciences Center,1,.,.,51100
Oklahoma City University,2,31026,31026,42800
Oral Roberts University,2,27728,27728,37600
Concordia University-Portland,2,31158,31158,43300
Alvernia University,2,34900,34900,44500
University of Portland,2,45904,45904,58800
Reed College,2,56340,56340,42200
Arcadia University,2,43580,43580,44100
Bloomsburg University of Pennsylvania,1,10958,22782,44500
New Hope Christian College-Eugene,2,14830,14830,29500
University of Western States,2,.,.,50400
Linfield College-McMinnville Campus,2,43302,43302,55200
Alfred University,2,29188,29188,41400
New Mexico Institute of Mining and Technology,1,7770,22268,50000
The College of New Jersey,1,16551,28266,58500
William Paterson University of New Jersey,1,13060,21260,46600
Western New Mexico University,1,6066,13539,30900
Metropolitan College of New York,2,19454,19454,36600
Dominican College of Blauvelt,2,29000,29000,46300
Central Yeshiva Tomchei Tmimim Lubavitz,2,7700,7700,23500
Fordham University,2,52687,52687,59200
Clarkson University,2,49444,49444,72000
Mirrer Yeshiva Cent Institute,2,8570,8570,.
The New School,2,49064,49064,44500
Sarah Lawrence College,2,55900,55900,43000
Yeshiva Karlin Stolin,2,12800,12800,.
Yeshiva Derech Chaim,2,12100,12100,.
Yeshiva of Nitra Rabbinical College,2,8500,8500,15800
School of Visual Arts,3,39900,39900,41800
Wagner College,2,47090,47090,56700
Webb Institute,2,50175,50175,.
University of North Carolina School of the Arts,1,9371,25514,35500
Gardner-Webb University,2,32000,32000,38700
University of Cincinnati-Main Campus,1,11000,27334,42300
Marietta College,2,36040,36040,45800
Kenyon College,2,55930,55930,48700
Nossi College of Art,3,17800,17800,26800
University of Washington-Bothell Campus,1,11138,36519,57700
University of Phoenix-Utah,3,.,.,47100
California State University-Monterey Bay,1,7143,19023,44800
Trine University-Regional/Non-Traditional Campuses,2,9576,9576,43300
Schiller International University,3,14360,14360,.
Messenger College,2,9180,9180,19600
University of Phoenix-Hawaii,3,9552,9552,47100
The University of Alabama,1,10780,29230,44500
Judson College,2,18510,18510,26100
University of West Alabama,1,10040,18490,37400
University of Alaska Fairbanks,1,6657,20218,38700
Birmingham-Southern College,2,17650,17650,46700
University of South Alabama,1,8396,16292,37800
Greenville University,2,27130,27130,36800
Blackburn College,2,22410,22410,37400
Lewis University,2,32450,32450,48800
Olivet Nazarene University,2,36070,36070,40400
Grand View University,2,27608,27608,43200
Purdue University Global-Cedar Rapids,1,14343,14343,33900
Benedictine College,2,29530,29530,40100
Central Christian College of Kansas,2,20350,20350,31700
Saint Ambrose University,2,30894,30894,47300
University of Iowa,1,9267,31233,51900
Waldorf University,3,22076,22076,37800
Baker University,2,29830,29830,51300
Loras College,2,34184,34184,44600
Ashford University,3,12160,12160,41200
University of Northern Iowa,1,8938,19480,44600
Georgetown College,2,38650,38650,43000
Washburn University,1,8312,18560,40300
Louisiana State University-Alexandria,1,6668,14024,33700
University of Pikeville,2,20950,20950,31100
The Southern Baptist Theological Seminary,2,20433,20433,.
Southeastern Louisiana University,1,8165,20643,37200
University of Maine at Fort Kent,1,8115,12315,33400
University of Louisiana at Lafayette,1,9912,23640,39900
Northwestern State University of Louisiana,1,7922,18710,34300
University of Holy Cross,2,14180,14180,39500
Tulane University of Louisiana,2,54820,54820,61700
Saint Joseph's College of Maine,2,35650,35650,43400
Unity College,2,29160,29160,34100
St. Mary's College of Maryland,1,14806,30568,52200
Maryland Institute College of Art,2,48630,48630,37300
University of Maryland Eastern Shore,1,8302,18508,36600
Ner Israel Rabbinical College,2,12400,12400,.
Lesley University,2,27975,27975,38700
Emerson College,2,46852,46852,46600
Fort Lewis College,1,9040,19696,35200
Albertus Magnus College,2,32060,32060,51200
Metropolitan State University of Denver,1,7666,20847,40200
University of Hartford,2,40694,40694,47800
Regis University,2,36810,36810,56400
Rocky Mountain College of Art and Design,3,19020,19020,33000
Connecticut College,2,54820,54820,54900
Eastern Connecticut State University,1,11356,23864,46400
Fairfield University,2,48350,48350,72100
Bethune-Cookman University,2,14814,14814,29200
Wesley College,2,26406,26406,42900
Carlos Albizu University-Miami,2,12444,12444,30200
South University-West Palm Beach,3,17014,17014,33400
Eckerd College,2,44540,44540,42200
The Baptist College of Florida,2,11400,11400,31800
Jacksonville University,2,36670,36670,50500
University of North Florida,1,6394,20798,43200
Warner University,2,21694,21694,38600
St. John Vianney College Seminary,2,21000,21000,.
Emory University,2,51306,51306,66000
Georgia Institute of Technology-Main Campus,1,12424,33020,79100
Wesleyan College,2,23000,23000,29900
University of Hawaii at Hilo,1,7720,20680,37900
Piedmont College,2,25920,25920,40600
Reinhardt University,2,23300,23300,36600
Shorter University,2,22370,22370,43200
Life University,2,12696,12696,35600
University of Idaho,1,7864,25500,41900
Lewis-Clark State College,1,6618,19236,34600
Brigham Young University-Idaho,2,4118,4118,42700
Chicago State University,1,10163,17123,33800
Elmhurst College,2,37055,37055,48300
School of the Art Institute of Chicago,2,49310,49310,33500
Aurora University,2,24260,24260,42700
Illinois Institute of Technology,2,47646,47646,69100
MacMurray College,2,27710,27710,36200
Nova Southeastern University,2,30900,30900,45300
AdventHealth University,2,12240,12240,56000
Trinity College of Florida,2,16340,16340,29200
Saint Leo University,2,23020,23020,43800
Brewton-Parker College,2,18240,18240,31900
Point University,2,20600,20600,32500
Toccoa Falls College,2,22744,22744,29500
Boise State University,1,7694,23776,37100
Bradley University,2,33760,33760,53600
Eastern Illinois University,1,11803,14023,42200
Robert Morris University Illinois,2,28050,28050,32300
Rockford University,2,30930,30930,45200
Goshen College,2,33700,33700,37700
Saint Francis Medical Center College of Nursing,2,.,.,55400
Western Illinois University,1,12951,12951,43200
Purdue University Fort Wayne,1,8450,20288,36500
Bethel University,2,28590,28590,37800
Calumet College of Saint Joseph,2,19170,19170,42000
Saint Anthony College of Nursing,2,25948,25948,60600
Southern Illinois University-Carbondale,1,14704,29160,42900
Earlham College,2,46450,46450,35000
Trinity Christian College,2,30175,30175,42200
Allen College,2,18662,18662,50800
Briar Cliff University,2,30970,30970,41900
Central College,2,37296,37296,44700
Rose-Hulman Institute of Technology,2,49871,49871,80900
Indiana University-South Bend,1,7344,19400,34900
Cornell College,2,42299,42299,43000
Indiana University-East,1,7344,19400,31500
University of Dubuque,2,34110,34110,39200
Cazenovia College,2,34630,34630,37100
Five Towns College,3,21280,21280,34400
CUNY Bernard M Baruch College,1,7262,14932,57200
College of Staten Island CUNY,1,7290,14960,41500
Kehilath Yakov Rabbinical Seminary,2,9800,9800,.
Keuka College,2,32044,32044,43800
Hamilton College,2,54620,54620,60200
Long Island University,2,37763,37763,49000
Molloy College,2,31490,31490,60500
Monroe College,3,15428,15428,30300
Manhattan School of Music,2,47300,47300,32300
Ithaca College,2,43978,43978,52300
Pratt Institute-Main,2,51870,51870,43400
Farmingdale State College,1,8306,18086,51700
Yeshiva Shaar Hatorah,2,15760,15760,.
SUNY at Fredonia,1,8488,18268,41700
SUNY Oneonta,1,8421,17871,43400
SUNY Downstate Health Sciences University,1,.,.,127900
High Point University,2,35118,35118,39000
University of North Carolina Wilmington,1,7091,21156,41600
Davidson College,2,51447,51447,58900
William Peace University,2,30500,30500,36000
Mid-Atlantic Christian University,2,15300,15300,30800
Montreat College,2,26920,26920,37000
Saint Augustine's University,2,17890,17890,27300
North Carolina A & T State University,1,6612,19822,34700
University of Mary,2,18444,18444,48000
Bluffton University,2,32766,32766,39000
Bowling Green State University-Main Campus,1,11105,19093,40500
The Christ College of Nursing and Health Sciences,2,16203,16203,56200
Wingate University,2,33166,33166,43200
Western Carolina University,1,3926,7926,37700
Lourdes University,2,22480,22480,36500
Ohio Christian University,2,20806,20806,31800
Cleveland State University,1,10457,14824,41300
Suffolk University,2,38566,38566,53100
Central Michigan University,1,12960,24120,41900
Wellesley College,2,53732,53732,60800
College for Creative Studies,2,44110,44110,44100
Williams College,2,55450,55450,59000
Pine Manor College,2,31660,31660,36600
Kalamazoo College,2,48666,48666,48700
Northwood University,2,27060,27060,48900
Lawrence Technological University,2,33570,33570,55300
Grand Valley State University,1,12484,17762,42800
Marygrove College,2,.,.,28700
Michigan Technological University,1,15646,33726,66400
Bethany Lutheran College,2,27780,27780,34800
Carleton College,2,54759,54759,54200
Concordia University-Saint Paul,2,22275,22275,49200
Martin Luther College,2,15410,15410,37300
Winona State University,1,9425,15348,44700
Alcorn State University,1,7084,7084,31100
Mississippi University for Women,1,6940,6940,34100
Saint Johns University,2,44990,44990,60600
Rust College,2,9900,9900,24100
Midwestern Baptist Theological Seminary,2,7920,7920,.
University of Central Missouri,1,7673,14442,38000
Cleveland University-Kansas City,2,14800,14800,43800
Fontbonne University,2,26340,26340,40800
Hannibal-LaGrange University,2,22750,22750,34300
University of Missouri-Kansas City,1,8178,20207,45700
St. Louis College of Pharmacy,2,29981,29981,124100
Truman State University,1,7749,14601,44500
Stephens College,2,30950,30950,33900
University of Providence,2,25168,25168,32500
The University of Montana-Western,1,5717,17179,30400
University of Nebraska at Kearney,1,7512,13742,41300
Emporia State University,1,6758,20675,37100
Wichita State University,1,8270,17452,40400
Newman University,2,30750,30750,44000
Kentucky State University,1,8090,19390,28700
University of Kentucky,1,12245,29099,45100
University of Saint Mary,2,28810,28810,38500
Berea College,2,39990,39990,33700
Campbellsville University,2,25400,25400,33700
Centre College,2,41700,41700,45500
Dillard University,2,17918,17918,35400
Transylvania University,2,38750,38750,44100
Louisiana College,2,17000,17000,42800
Johns Hopkins University,2,53740,53740,73200
University of Maryland-Baltimore County,1,11778,26872,55000
Hult International Business School,2,40650,40650,.
Amherst College,2,56426,56426,65000
Anna Maria College,2,37860,37860,44800
Mount St. Mary's University,2,41350,41350,52600
Notre Dame of Maryland University,2,36900,36900,51800
Assumption College,2,40958,40958,55200
Bay Path University,2,34225,34225,42700
Fisher College,2,31384,31384,34900
Boston Architectural College,2,21924,21924,46100
University of Massachusetts-Boston,1,14167,33966,48200
Boston University,2,53948,53948,65300
Massachusetts Maritime Academy,1,9728,26106,86600
Regis College,2,41015,41015,47500
Smith College,2,52404,52404,46200
Massachusetts College of Liberal Arts,1,10559,19504,35800
Walsh College,2,.,.,60400
Augsburg University,2,38800,38800,46800
Macalester College,2,54344,54344,47600
Southwest Minnesota State University,1,8612,8612,37600
Oak Hills Christian College,2,17314,17314,28800
Huntingdon College,2,27400,27400,39900
Miles College,2,12132,12132,26500
University of Arkansas at Pine Bluff,1,8038,14398,27200
California Polytechnic State University-San Luis Obispo,1,9816,21696,66900
Embry-Riddle Aeronautical University-Worldwide,2,9360,9360,66200
The King's University,2,15000,15000,39100
American InterContinental University,3,11937,11937,37300
Beacon College,2,39016,39016,.
Doane University-Graduate and Professional Studies,2,11370,11370,44300
Pillar College,2,21700,21700,.
Apex School of Theology,2,5100,5100,.
California State University-Channel Islands,1,6817,18697,49800
West Coast University-Los Angeles,3,34835,34835,54900
Strayer University-Pennsylvania,3,13380,13380,45900
University of Phoenix-Illinois,3,.,.,47100
Tri-State Bible College,2,9100,9100,.
Uta Mesivta of Kiryas Joel,2,12000,12000,20300
Stevens-Henager College,2,16972,16972,28800
Maple Springs Baptist Bible College and Seminary,2,5400,5400,.
Talmudical Seminary of Bobov,2,10200,10200,.
The King's College,2,36450,36450,.
Chamberlain University-Illinois,3,19375,19375,58400
Yeshiva College of the Nations Capital,2,10500,10500,.
Averett University-Non-Traditional Programs,2,11520,11520,41800
Visible Music College,2,19500,19500,.
The Chicago School of Professional Psychology at Los Angeles,2,14738,14738,.
Yeshiva of Machzikai Hadas,2,9200,9200,.
Polytechnic University of Puerto Rico-Miami,2,12525,12525,29800
University of South Florida-Sarasota-Manatee,1,5587,16501,43500
City Vision University,2,5600,5600,.
New England College of Business and Finance,3,12120,12120,.
Strayer University-Alabama,3,13380,13380,45900
Strayer University-West Virginia,3,13380,13380,45900
Yeshiva Kollel Tifereth Elizer,2,11360,11360,.
America Evangelical University,2,5500,5500,.
Women's Institute of Torah Seminary,2,9850,9850,.
Oikos University,2,5250,5250,.
Drury University-College of Continuing Professional Studies,2,6247,6247,.
Purdue University Global-St. Louis,1,14343,14343,.
Chamberlain University-Michigan,3,19375,19375,.
Chamberlain University-North Carolina,3,19375,19375,.
Beth Medrash of Asbury Park,2,12350,12350,.
Central Yeshiva Beth Joseph,2,.,.,.
Yeshiva Gedola Ohr Yisrael,2,7600,7600,.
Yeshivas Maharit D'Satmar,2,11500,11500,.
Husson University,2,18170,18170,.
Milligan University,2,33700,33700,.
Piedmont International University,2,9920,9920,.
University of Phoenix-California,3,9552,9552,47100
University of Phoenix-Georgia,3,.,.,47100
University of Phoenix-Tennessee,3,.,.,47100
Rabbinical College Ohr Yisroel,2,9000,9000,.
Bais HaMedrash and Mesivta of Baltimore,2,13000,13000,.
Be'er Yaakov Talmudic Seminary,2,10220,10220,.
Chamberlain University-Indiana,3,19375,19375,58400
Purdue University Global-Augusta,1,14343,14343,33900
California Miramar University,3,8977,8977,.
Grace School of Theology,2,5280,5280,.
DeVry University-California,3,17865,17865,44100
Arizona State University-Skysong,1,10317,18629,47700
DeVry University-Illinois,3,17509,17509,44100
DeVry University-Nevada,3,17547,17547,44100
DeVry University-Ohio,3,17621,17621,44100
DeVry University-Tennessee,3,17713,17713,44100
Yeshiva of Far Rockaway Derech Ayson Rabbinical Seminary,2,11750,11750,.
Elizabethtown College School of Continuing and Professional Studies,2,.,.,51300
Chamberlain University-Virginia,3,19375,19375,58400
South University-Novi,3,.,.,33400
South University-Savannah Online,3,13354,13354,33400
John Paul the Great Catholic University,2,26100,26100,.
Chamberlain University-Missouri,3,19375,19375,58400
University of Management and Technology,3,9450,9450,.
Pacific Rim Christian University,2,10460,10460,29500
Strayer University-South Carolina,3,13380,13380,45900
Strayer University-Global Region,3,13380,13380,45900
Touro University Worldwide,2,14600,14600,.
Touro University Nevada,2,.,.,.
Compass College of Cinematic Arts,2,15050,15050,.
Herzing University-Brookfield,2,14000,14000,37800
Soka University of America,2,33146,33146,.
Central Methodist University-College of Graduate and Extended Studies,2,5760,5760,35400
Marlboro College Graduate & Professional Studies,2,.,.,27600
Rabbi Jacob Joseph School,2,11900,11900,.
University of Connecticut-Avery Point,1,13648,36016,58400
International Baptist College and Seminary,2,11250,11250,.
Stevens-Henager College,2,16972,16972,28800
Southern California Seminary,2,17540,17540,.
Pacific States University,2,16065,16065,.
Trinity College of Nursing & Health Sciences,2,27534,27534,44500
Talmudical Yeshiva of Philadelphia,2,9175,9175,.
Newschool of Architecture and Design,3,27501,27501,49400
Pomona College,2,52780,52780,58100
William Jessup University,2,33550,33550,37300
San Jose State University,1,7796,19676,56100
Palo Alto University,2,.,.,.
Pacific Oaks College,2,13688,13688,42800
University of Colorado Denver/Anschutz Medical Campus,1,9283,25771,56400
Thomas Aquinas College,2,25000,25000,42100
Colorado School of Mines,1,18964,38584,84900
Colorado State University-Fort Collins,1,11707,29608,47100
Sonoma State University,1,7798,19678,49200
Southern California Institute of Architecture,2,44960,44960,43100
Colorado College,2,55470,55470,45400
Texas Health and Science University,3,.,.,.
Strayer University-Maryland,3,13380,13380,45900
American University of Health Sciences,3,22570,22570,34800
Western Governors University,2,6670,6670,41900
Rabbinical College of Ohr Shimon Yisroel,2,13600,13600,14300
Talladega College,2,13571,13571,21900
Troy University,1,8908,16708,37000
United States Sports Academy,2,.,.,.
Athens State University,1,.,.,38700
Auburn University,1,11276,30524,48800
Oakwood University,2,19732,19732,29700
Selma University,2,7410,7410,.
University of Arkansas at Little Rock,1,9544,21754,34900
Lyon College,2,28790,28790,38600
Southwest University of Visual Arts-Tucson,3,23069,23069,30200
Arkansas State University-Main Campus,1,8607,15297,32200
Azusa Pacific University,2,38880,38880,51100
University of Arkansas-Fort Smith,1,5593,12666,31000
Academy of Art University,3,22308,22308,38600
Ouachita Baptist University,2,26790,26790,41200
University of the Ozarks,2,24230,24230,33900
California State University Maritime Academy,1,7056,18936,82900
Bucknell University,2,56092,56092,70800
Gannon University,2,32136,32136,48100
Delaware Valley University,2,39440,39440,42100
Haverford College,2,54838,54838,60700
Holy Family University,2,30346,30346,52700
Immaculata University,2,27350,27350,50600
Pennsylvania State University-Penn State Erie-Behrend College,1,15198,24450,50100
Juniata College,2,45597,45597,49200
King's College,2,37226,37226,51000
Pennsylvania State University-Penn State Shenango,1,13342,21366,50100
La Salle University,2,30710,30710,58000
Millersville University of Pennsylvania,1,12226,22196,43500
Pennsylvania State University-Penn State Berks,1,15198,24450,50100
Lebanon Valley College,2,43650,43650,45800
Pennsylvania State University-Penn State Brandywine,1,14468,23028,50100
Pennsylvania State University-Main Campus,1,18454,34858,50100
Pennsylvania State University-Penn State Abington,1,14524,23278,50100
Pennsylvania Academy of the Fine Arts,2,38878,38878,20200
Rosemont College,2,19900,19900,44700
Thiel College,2,31700,31700,37600
Seton Hill University,2,35748,35748,40200
Villanova University,2,53308,53308,77900
Saint Charles Borromeo Seminary-Overbrook,2,20655,20655,.
Newberry College,2,26424,26424,36900
Converse College,2,18340,18340,33900
University of South Carolina Beaufort,1,10730,21776,36800
Coastal Carolina University,1,11716,26828,38500
University of South Dakota,1,9061,12425,42000
Winthrop University,1,15730,29986,35900
Le Moyne-Owen College,2,11196,11196,28400
Dakota Wesleyan University,2,27640,27640,37200
Oglala Lakota College,1,2684,2684,17700
South Dakota School of Mines and Technology,1,10560,14820,56500
Fisk University,2,21480,21480,35000
Southern Adventist University,2,21950,21950,38500
Union University,2,32610,32610,43200
University of the Incarnate Word,2,31484,31484,46500
Lamar University,1,8373,18333,39500
Hardin-Simmons University,2,28990,28990,43300
University of Mary Hardin-Baylor,2,28650,28650,44200
McMurry University,2,27419,27419,41000
University of Houston-Clear Lake,1,7002,19954,47900
Concordia University Texas,2,31810,31810,44500
University of Houston,1,8913,21273,51600
Dallas Christian College,2,18734,18734,38900
The University of Texas Health Science Center at San Antonio,1,.,.,79000
Sam Houston State University,1,8296,18256,44600
The University of Texas at Dallas,1,13034,36876,53100
Our Lady of the Lake University,2,28740,28740,39300
Stephen F Austin State University,1,8316,18276,41900
Texas Lutheran University,2,29960,29960,45600
The University of Texas at San Antonio,1,8049,19538,45300
Sul Ross State University,1,6816,16776,37900
Rice University,2,47350,47350,65400
Brigham Young University-Hawaii,2,5560,5560,42200
Trinity University,2,42976,42976,54900
Texas Tech University Health Sciences Center,1,.,.,80300
New England Culinary Institute,3,22200,22200,37600
Bluefield College,2,26060,26060,40900
Bridgewater College,2,35160,35160,42500
Berklee College of Music,2,44140,44140,30300
Hampshire College,2,51668,51668,34500
Brandeis University,2,55395,55395,57900
Adrian College,2,37087,37087,38600
Northeastern University,2,51522,51522,67400
Tufts University,2,56382,56382,75800
Eastern Michigan University,1,12508,12508,39300
University of Minnesota-Crookston,1,11822,11822,44800
Hamline University,2,41290,41290,49200
Minnesota State University Moorhead,1,8496,15906,40600
Crown College,2,26200,26200,35100
St Catherine University,2,39554,39554,49200
Columbia College,2,22704,22704,38300
University of Southern Mississippi,1,8624,10624,36400
Lindenwood University,2,17600,17600,41300
Avila University,2,19900,19900,44100
Montana State University-Northern,1,5955,18665,37100
Rocky Mountain College,2,28572,28572,38800
William Jewell College,2,34400,34400,45700
Clarkson College,2,13392,13392,49300
Bryan College of Health Sciences,2,17282,17282,51300
Chadron State College,1,7384,7414,38200
Franklin Pierce University,2,36900,36900,39700
Union College,2,23780,23780,40800
Creighton University,2,39916,39916,59700
Keene State College,1,14212,23176,42400
Purdue University Global-Lincoln,1,14343,14343,33900
University of Nebraska Medical Center,1,.,.,71000
Kean University,1,12348,19383,46100
Drew University,2,39800,39800,52700
Felician University,2,34320,34320,47300
Bloomfield College,2,29950,29950,38200
New Jersey Institute of Technology,1,17338,32750,68500
Rowan University,1,13697,22339,50000
Eastern New Mexico University-Main Campus,1,6326,8247,29500
University of New Mexico-Main Campus,1,7633,22586,36400
Bard College,2,54680,54680,39700
Berkeley College-New York,3,25900,25900,40800
University of the Southwest,2,16200,16200,36200
Concordia College-New York,2,32900,32900,48000
Daemen College,2,28580,28580,42800
Cooper Union for the Advancement of Science and Art,2,46700,46700,64900
Cornell University,2,55188,55188,77200
Canisius College,2,28488,28488,47300
Sierra Nevada College,2,34241,34241,42100
Thomas More College of Liberal Arts,2,21600,21600,.
Monmouth University,2,38138,38138,50500
Institute of American Indian and Alaska Native Culture and Arts Development,1,4980,4980,15400
Saint Peter's University,2,37486,37486,45800
College of Saint Elizabeth,2,33596,33596,43400
Mesivta Torah Vodaath Rabbinical Seminary,2,11960,11960,.
Medaille College,2,29500,29500,39400
The College of New Rochelle,2,37732,37732,33900
Sh'or Yoshuv Rabbinical College,2,9460,9460,.
St. Joseph's College-Long Island,2,27840,27840,.
Roberts Wesleyan College,2,31568,31568,40900
Russell Sage College,2,30857,30857,44800
Paul Smiths College of Arts and Science,2,28452,28452,35300
Touro College,2,19870,19870,30400
Yeshiva University,2,43500,43500,58500
Yeshivath Viznitz,2,10100,10100,14400
United Talmudical Seminary,2,13962,13962,15800
Utica College,2,21382,21382,45300
Villa Maria College,2,23010,23010,28000
University at Buffalo,1,10099,27769,52600
SUNY Polytechnic Institute,1,8238,18018,51000
Catawba College,2,30520,30520,39400
University of North Carolina at Greensboro,1,7331,22490,37500
Lees-McRae College,2,25878,25878,33200
Lenoir-Rhyne University,2,36400,36400,38500
Livingstone College,2,18296,18296,23400
Queens University of Charlotte,2,34684,34684,42200
Greensboro College,2,29140,29140,36900
Art Academy of Cincinnati,2,33450,33450,25800
St. Andrews University,2,26648,26648,37200
Ashland University,2,21342,21342,40400
Cedarville University,2,30270,30270,41300
Trinity Bible College and Graduate School,2,16320,16320,27000
Warren Wilson College,2,36280,36280,25600
The Art Institute of Cincinnati-AIC College of Design,3,15674,15674,35700
Miami University-Oxford,1,15380,34896,47100
Mount Vernon Nazarene University,2,29244,29244,43600
Muskingum University,2,28266,28266,39600
Kent State University at Kent,1,10312,19014,38000
Kettering College,2,12960,12960,54500
Defiance College,2,32700,32700,41000
Ohio University-Main Campus,1,12192,21656,40500
Franciscan University of Steubenville,2,27630,27630,37700
University of Toledo,1,10293,19653,43800
Pontifical College Josephinum,2,22300,22300,.
Ohio Dominican University,2,31080,31080,41000
Ohio State University-Lima Campus,1,7644,27660,46100
Walsh University,2,29980,29980,43500
Randall University,2,15108,15108,34500
Wilberforce University,2,13250,13250,34200
Wilmington College,2,25675,25675,40000
Southeastern Oklahoma State University,1,6750,15390,35800
Wright State University-Main Campus,1,9254,18398,39500
University of Tulsa,2,41509,41509,48500
Oklahoma Christian University,2,22760,22760,38500
Oklahoma Panhandle State University,1,7930,8674,36700
Bacone College,2,17700,17700,34500
Cameron University,1,6450,15870,34300
University of Central Oklahoma,1,7489,18376,38800
Regent University,2,18380,18380,41600
Liberty University,2,22584,22584,36700
University of Richmond,2,52610,52610,64500
Radford University-Carilion,2,26886,26886,54000
University of Mary Washington,1,12714,28648,51400
Shenandoah University,2,32530,32530,45800
Southern Virginia University,2,16495,16495,36000
Central Washington University,1,8072,23053,46500
Cornish College of the Arts,2,41642,41642,29100
Western Washington University,1,8126,23540,45800
Whitman College,2,52764,52764,51300
Bethany College,2,29773,29773,40400
Fairmont State University,1,7514,16324,33000
Lawrence University,2,47475,47475,44100
Maranatha Baptist University,2,15410,15410,33000
Bellin College,2,20500,20500,58600
University of Wisconsin-Madison,1,10555,36805,56200
Bais Medrash Elyon,2,8600,8600,.
Stanford University,2,51354,51354,94000
Purdue University Global-Davenport,1,14343,14343,33900
California State University-San Marcos,1,7713,19593,47300
The University of Texas MD Anderson Cancer Center,1,.,.,86400
LeTourneau University,2,30210,30210,48200
Texas A & M University-Corpus Christi,1,9055,19462,43400
Texas College,2,10008,10008,23400
College of St Joseph,2,18520,18520,36700
University of Vermont,1,18276,42516,47300
West Texas A & M University,1,7935,9304,42700
Wiley College,2,12306,12306,26700
Utah Valley University,1,5726,16296,43800
University of Utah,1,9222,29215,53000
Westminster College,2,34000,34000,49800
Castleton University,1,12314,28322,37900
William & Mary,1,23400,45272,58500
Randolph College,2,39585,39585,39700
Strayer University-Virginia,3,13380,13380,45900
The University of Virginia's College at Wise,1,10119,27846,38400
Virginia Polytechnic Institute and State University,1,13620,31908,62500
Norfolk State University,1,9490,20658,35800
Radford University,1,11210,23292,43000
Eastern Washington University,1,7323,24444,43100
The Evergreen State College,1,7746,26262,33200
Virginia Union University,2,17748,17748,32000
Washington and Lee University,2,52455,52455,76100
Seattle Pacific University,2,42939,42939,49100
Bastyr University,2,.,.,40700
Edgewood College,2,29500,29500,43300
University of Wisconsin-River Falls,1,8025,15598,40900
Viterbo University,2,27970,27970,43200
University of Wyoming,1,5400,17490,47300
University of Wisconsin-Green Bay,1,7878,15728,40800
University of Wisconsin-Parkside,1,7389,15378,39900
University of Wisconsin-Stout,1,9457,17424,45100
Antioch University-Santa Barbara,2,.,.,38200
Willamette University,2,50279,50279,51100
Albright College,2,45306,45306,46700
Mount Angel Seminary,2,22046,22046,.
Multnomah University,2,25900,25900,34100
University of Oregon,1,11898,35478,44800
Franklin and Marshall College,2,56550,56550,58900
Drexel University,2,53244,53244,68800
California University of Pennsylvania,1,11108,15726,41600
Gettysburg College,2,54480,54480,56100
Carlow University,2,29454,29454,39700
Gratz College,2,.,.,.
Central Penn College,3,18714,18714,35300
Elizabethtown College,2,46940,46940,51300
Clarion University of Pennsylvania,1,11175,16054,37900
Mercyhurst University,2,37170,37170,40300
Moravian College,2,43636,43636,51100
Cairn University-Langhorne,2,27279,27279,34800
University of Pittsburgh-Johnstown,1,13876,25120,53900
Ursinus College,2,52050,52050,55200
Washington & Jefferson College,2,47964,47964,54500
Waynesburg University,2,24820,24820,45300
West Chester University of Pennsylvania,1,10412,22236,48400
Westminster College,2,36806,36806,43200
Swarthmore College,2,52588,52588,56700
Wilkes University,2,36194,36194,51600
Benedict College,2,16600,16600,25400
Citadel Military College of South Carolina,1,12516,34988,56800
Clinton College,2,10020,10020,25000
Coker University,2,29548,29548,32800
University of Rhode Island,1,14138,30862,52900
Columbia College,2,19500,19500,34600
North Greenville University,2,19750,19750,34400
Francis Marion University,1,11976,22488,33100
Allen University,2,12940,12940,23300
Lincoln Memorial University,2,22010,22010,38200
Martin Methodist College,2,24246,24246,32700
National American University-Rapid City,3,15000,15000,34500
Tennessee Wesleyan University,2,24300,24300,38500
Angelo State University,1,7436,17396,40200
Arlington Baptist University,2,13690,13690,32700
Tennessee Technological University,1,8731,24595,40500
Rhodes College,2,47890,47890,53600
Baptist Missionary Association Theological Seminary,2,6900,6900,.
East Texas Baptist University,2,26370,26370,40500
Texas A & M University-Commerce,1,8748,21198,39300
California State University-Stanislaus,1,7072,18952,45400
Chapman University,2,52724,52724,54500
Concordia University-Irvine,2,35400,35400,46400
California State University-Chico,1,7608,19488,48100
California State University-Fullerton,1,6886,18766,47200
California State University-Los Angeles,1,6749,18629,46100
California State University-Northridge,1,6893,18773,45400
University of California-Berkeley,1,14184,43176,64700
University of California-Los Angeles,1,13226,42218,60700
University of California-Santa Barbara,1,14391,43383,55300
Sofia University,3,.,.,.
California Christian College,2,9570,9570,.
Holy Names University,2,39316,39316,50800
Design Institute of San Diego,3,23860,23860,36800
Humboldt State University,1,7675,19555,36600
Dominican University of California,2,45850,45850,55600
John F. Kennedy University,2,8500,8500,58000
Middlebury Institute of International Studies at Monterey,2,.,.,58200
Laguna College of Art and Design,2,30700,30700,32900
Mills College,2,30257,30257,39900
National University,2,13320,13320,59400
University of San Francisco,2,48066,48066,62300
Pacific Union College,2,30060,30060,51700
Scripps College,2,55024,55024,54100
University of Advancing Technology,3,16598,16598,46400
Hodges University,2,14180,14180,37100
University of Washington-Tacoma Campus,1,11261,36642,57700
University of Phoenix-New Mexico,3,.,.,47100
Arizona State University-Polytechnic,1,9840,25576,47700
Rabbinical College Telshe,2,13100,13100,.
Oberlin College,2,55052,55052,40800
East Central University,1,6810,16020,36800
Rogers State University,1,7200,15540,34000
Portland State University,1,9105,27437,44700
Clarks Summit University,2,23890,23890,32000
Warner Pacific University,2,18660,18660,41000
Corban University,2,33040,33040,37600
American Jewish University,2,31946,31946,.
Fresno Pacific University,2,32458,32458,43900
Golden Gate University-San Francisco,2,.,.,71100
Harvey Mudd College,2,56620,56620,88800
University of La Verne,2,43050,43050,49200
Mount Saint Mary's University,2,41170,41170,53200
Loma Linda University,2,.,.,80600
Menlo College,2,42800,42800,50900
Loyola Marymount University,2,48522,48522,61300
Point Loma Nazarene University,2,35700,35700,50900
University of the Pacific,2,48164,48164,71700
Pepperdine University,2,53932,53932,65500
San Diego State University,1,7488,19340,51000
Colorado Christian University,2,31866,31866,39300
Whittier College,2,48086,48086,46800
University of Denver,2,50556,50556,56500
Colorado Mesa University,1,8627,20944,36800
Naropa University,2,31790,31790,20700
Sacred Heart University,2,41420,41420,56000
Wilmington University,2,11210,11210,42500
American University,2,48459,48459,61000
Johnson University Florida,2,16060,16060,29800
University of the District of Columbia,1,5888,12416,35200
Gallaudet University,2,17038,17038,31000
Trinity College,2,56910,56910,66100
Kansas State University,1,10383,25887,45600
Kentucky Mountain Bible College,2,9460,9460,.
Kentucky Christian University,2,19256,19256,34600
Manhattan Christian College,2,16260,16260,35500
MidAmerica Nazarene University,2,29736,29736,42900
Lindsey Wilson College,2,24850,24850,28800
Alice Lloyd College,2,11550,11550,31700
Asbury University,2,30198,30198,34900
Brescia University,2,22100,22100,40100
Eastern Kentucky University,1,9666,19444,36100
Thomas More University,2,31200,31200,49400
Union College,2,27140,27140,32100
Colby College,2,55210,55210,58100
University of New Orleans,1,8771,13607,37800
University of Maine at Farmington,1,9118,18598,36000
Nicholls State University,1,7952,9045,37500
Maine Maritime Academy,1,13478,27098,95600
Maine College of Art,2,35050,35050,27700
University of Baltimore,1,8958,21076,58000
Loyola University Maryland,2,48920,48920,68100
Stevenson University,2,36242,36242,49600
Washington College,2,46978,46978,51400
Babson College,2,51104,51104,96100
Becker College,2,39200,39200,43800
Endicott College,2,33050,33050,51100
Fitchburg State University,1,10354,16434,45700
Framingham State University,1,10520,16600,45800
MCPHS University,2,33620,33620,116000
Gordon College,2,37400,37400,41700
Massachusetts Institute of Technology,2,51832,51832,104700
Merrimack College,2,41760,41760,57100
MGH Institute of Health Professions,2,.,.,.
Albion College,2,45590,45590,47400
Mount Holyoke College,2,49998,49998,48600
Salem State University,1,10642,17082,43500
Simmons University,2,40850,40850,55800
Andrews University,2,29288,29288,45200
Aquinas College,2,32574,32574,37300
Nichols College,2,35000,35000,48300
University of Detroit Mercy,2,28000,28000,47100
Ferris State University,1,11788,11788,44500
Olivet College,2,27680,27680,38400
Beulah Heights University,2,10150,10150,29100
Rasmussen College-Florida,3,10935,10935,32600
Agnes Scott College,2,41160,41160,39400
St. Thomas University,2,31830,31830,49400
Dalton State College,1,4246,12668,32300
South University-Savannah,3,17014,17014,33400
Emmanuel College,2,20292,20292,33600
Fort Valley State University,1,6658,19738,30900
Morehouse College,2,27576,27576,41800
Chaminade University of Honolulu,2,25374,25374,38400
Paine College,2,16096,16096,28200
Idaho State University,1,7420,22940,35700
East-West University,2,22050,22050,25700
University of Illinois at Chicago,1,13764,26980,54300
Loyola University Chicago,2,44048,44048,54100
Illinois State University,1,14516,26040,47100
McKendree University,2,30520,30520,45800
Methodist College,2,20750,20750,.
Judson University,2,29860,29860,42800
VanderCook College of Music,2,28434,28434,.
Resurrection University,2,.,.,71100
Hanover College,2,37670,37670,46400
St. John's College-Department of Nursing,2,.,.,.
Anderson University,2,30450,30450,37200
Ball State University,1,9896,26468,41100
Butler University,2,41120,41120,56600
DePauw University,2,49704,49704,54000
Telshe Yeshiva-Chicago,2,13500,13500,.
Wabash College,2,43650,43650,56300
University of Indianapolis,2,29688,29688,40600
University of Notre Dame,2,53391,53391,78400
Oakland City University,2,24000,24000,33600
University of Southern Indiana,1,8349,19436,37000
Indiana University-Kokomo,1,7344,19400,36200
Dordt University,2,30840,30840,41700
Taylor University,2,34114,34114,38000
Iowa State University,1,8988,23392,50700
Stillman College,2,11092,11092,28200
Amridge University,2,6900,6900,39600
University of Alabama in Huntsville,1,10714,22362,46700
Auburn University at Montgomery,1,8404,17812,33300
University of Mobile,2,23230,23230,35200
Alaska Pacific University,2,20760,20760,40200
University of Montevallo,1,12760,25780,34200
University of North Alabama,1,10142,18452,37800
Samford University,2,31650,31650,49900
Northern Arizona University,1,11564,25828,40100
Madonna University,2,21900,21900,40900
Hillsdale College,2,27578,27578,.
University of Michigan-Ann Arbor,1,15262,49350,63400
Michigan State University,1,14460,39766,53600
University of Michigan-Flint,1,11304,22065,40600
Bethel University,2,37300,37300,47300
Metropolitan State University,1,7879,14980,48200
Jackson State University,1,8051,19279,30000
Millsaps College,2,39910,39910,48100
Blue Mountain College,2,12584,12584,31400
Mississippi College,2,18026,18026,38300
Mississippi State University,1,8650,23250,40200
Saint Cloud State University,1,8265,16499,44200
The College of Saint Scholastica,2,37212,37212,51400
Kenrick Glennon Seminary,2,21590,21590,.
William Carey University,2,12600,12600,34700
Evangel University,2,23421,23421,35800
Cox College,2,11920,11920,42100
Calvary University,2,11164,11164,36800
Central Christian College of the Bible,2,13900,13900,29700
Missouri Valley College,2,20600,20600,34000
University of Missouri-Columbia,1,9972,27042,48300
Barnes-Jewish College Goldfarb School of Nursing,2,.,.,55600
Kansas City Art Institute,2,38400,38400,31200
York College,2,19310,19310,35400
Berkeley College-Woodland Park,3,25900,25900,39600
Palm Beach Atlantic University,2,31450,31450,40600
Webber International University,2,26116,26116,37200
Brenau University,2,29050,29050,42000
Columbus State University,1,6134,16920,35900
Stetson University,2,46030,46030,43200
Covenant College,2,34330,34330,41200
The Art Institute of Atlanta,3,17496,17496,30900
Oglethorpe University,2,38100,38100,42100
Savannah State University,1,5743,16204,31300
Spelman College,2,29064,29064,47000
Boise Bible College,2,12520,12520,29400
Georgia State University,1,9112,23971,43300
University of Georgia,1,11830,30404,50500
Herzing University-Atlanta,2,14000,14000,37800
DePaul University,2,39975,39975,53300
University of Chicago,2,58230,58230,68100
Governors State University,1,12196,21586,40800
National Louis University,2,10710,10710,44600
National University of Health Sciences,2,.,.,34600
Lakeview College of Nursing,2,.,.,61200
North Central College,2,38880,38880,47800
Jacksonville State University,1,8760,16536,35800
University of Alaska Anchorage,1,8580,24762,45400
South University-Montgomery,3,17014,17014,33400
Faulkner University,2,21690,21690,35400
University of Arizona,1,12467,36366,47300
California State University-Bakersfield,1,7309,19189,47800
California State Polytechnic University-Pomona,1,7353,19233,54000
California State University-Fresno,1,6587,18467,44700
California State University-Long Beach,1,6798,18678,48100
University of California-Irvine,1,13700,42692,58400
University of California-San Diego,1,14167,43159,59900
Humphreys University-Stockton and Modesto Campuses,2,14292,14292,28800
Otis College of Art and Design,2,46860,46860,44900
Samuel Merritt University,2,.,.,111100
University of San Diego,2,49358,49358,60000
University of Colorado Colorado Springs,1,8523,20067,43900
Yeshiva Ohr Elchonon Chabad West Coast Talmudical Seminary,2,14700,14700,.
Colorado State University-Pueblo,1,10408,26329,37500
Paier College of Art Inc,3,17570,17570,31400
University of Connecticut,1,15730,38098,58400
University of Delaware,1,13680,34310,57000
Post University,3,16610,16610,40900
Goldey-Beacom College,2,24300,24300,44500
Quinnipiac University,2,47960,47960,63300
The Catholic University of America,2,45804,45804,56800
Southern Connecticut State University,1,10954,23464,45300
University of Central Florida,1,6368,22467,45400
George Washington University,2,55230,55230,69600
Georgetown University,2,54104,54104,93500
Florida Gulf Coast University,1,6118,25162,42100
Edward Waters College,2,13525,13525,25900
Embry-Riddle Aeronautical University-Daytona Beach,2,35814,35814,66200
Florida Agricultural and Mechanical University,1,5785,17725,37600
Trinity Washington University,2,24150,24150,38800
Western Connecticut State University,1,10859,23367,45200
Howard University,2,26756,26756,49200
Strayer University-District of Columbia,3,13380,13380,45900
Florida Atlantic University,1,4831,17276,43200
Capella University,3,14579,14579,63600
New Hampshire Institute of Art,2,28080,28080,25200
South Florida Bible College and Theological Seminary,2,6900,6900,.
University of South Florida-St Petersburg,1,5821,16736,43500
Denver College of Nursing,3,.,.,.
Aspen University,3,3920,3920,.
Taft University System,3,.,.,.
Providence Christian College,2,30370,30370,.
Polytechnic University of Puerto Rico-Orlando,2,12030,12030,29800
University of Minnesota-Rochester,1,13352,13352,51900
Chamberlain University-Florida,3,19375,19375,58400
Georgia Gwinnett College,1,5634,16348,.
Yeshivas Be'er Yitzchok,2,10900,10900,.
Bergin University of Canine Studies,2,.,.,.
Whitworth University-Adult Degree Programs,2,.,.,42100
Springfield College-Regional Online and Continuing Education,2,.,.,45100
Los Angeles Pacific University,2,10200,10200,51100
Millennia Atlantic University,3,11156,11156,.
Chamberlain University-Texas,3,19375,19375,58400
Columbia College of Nursing,2,.,.,.
New Saint Andrews College,2,12800,12800,.
Florida Institute of Technology-Online,2,.,.,56600
South University-Austin,3,17014,17014,33400
University of the West,2,12592,12592,.
Johnson & Wales University-Online,2,13365,13365,38800
Yeshiva Gedolah Kesser Torah,2,11300,11300,.
Augusta University,1,8604,23156,62300
South University-High Point,3,.,.,33400
DeVry College of New York,3,17950,17950,44100
Texas A&M University-Central Texas,1,.,.,.
DeVry University-Colorado,3,18023,18023,44100
DeVry University-Florida,3,17898,17898,44100
DeVry University-Indiana,3,17561,17561,44100
DeVry University-New Jersey,3,17619,17619,44100
DeVry University-Virginia,3,17759,17759,44100
University of North Georgia,1,4692,13514,41900
Pennsylvania State University-World Campus,1,13988,13988,50100
West Coast University-Dallas,3,26635,26635,54900
University of Florida-Online,1,3876,16580,56000
University of Phoenix-Arizona,3,9552,9552,47100
University of Phoenix-Colorado,3,.,.,47100
University of Phoenix-Louisiana,3,.,.,47100
University of Phoenix-Nevada,3,9552,9552,47100
University of Phoenix-North Carolina,3,.,.,47100
University of Phoenix-Texas,3,9552,9552,47100
University of Phoenix-Pennsylvania,3,.,.,47100
IGlobal University,3,13820,13820,.
Yeshiva Bais Aharon,2,9075,9075,.
Florida Polytechnic University,1,4940,4940,.
Westcliff University,3,8220,8220,.
National American University-Garden City,3,15000,15000,.
Bais Medrash Mayan Hatorah,2,10650,10650,.
East-West University,2,22050,22050,.
Yeshiva Shaar Ephraim,2,13675,13675,.
Reformed University,2,5360,5360,.
Radiological Technologies University VT,3,.,.,.
Southern States University,3,5409,5409,.
Chamberlain University-Louisiana,3,19375,19375,.
Champion Christian College,2,5240,5240,.
Texas Tech University Health Sciences Center-El Paso,1,.,.,.
Yeshiva Gedolah Tiferes Boruch,2,9850,9850,.
Yeshiva Gedolah of Cliffwood,2,7850,7850,.
Ottawa University-Surprise,2,27630,27630,.
University of Connecticut-Hartford Campus,1,13678,36046,.
Yeshiva Zichron Aryeh,2,8750,8750,.
Chamberlain University-New Jersey,3,19375,19375,.
Chamberlain University-California,3,19375,19375,.
Bet Medrash Gadol Ateret Torah,2,10050,10050,.
Beth Medrash Meor Yitzchok,2,9550,9550,.
Yeshiva Sholom Shachna,2,10750,10750,.
Indiana Wesleyan University-National & Global,2,9816,9816,.
Purdue University Global,1,14343,14343,.
Northwest University-College of Adult and Professional Studies,2,15600,15600,.
Fairfax University of America,2,10328,10328,.
The University of Tennessee Health Science Center,1,.,.,.
Kennesaw State University,1,6347,17329,.
Texas A&M University-San Antonio,1,8656,21159,.
California Intercontinental University,3,10565,10565,.
University of Arizona-Sierra Vista,1,.,.,.
Strayer University-North Carolina,3,13380,13380,45900
Horizon University,2,9300,9300,.
Bethel College,2,8420,8420,.
Strayer University-Georgia,3,13380,13380,45900
The Art Institute of Virginia Beach,3,17496,17496,30900
Strayer University-Texas,3,13380,13380,45900
West Coast University-Orange County,3,34835,34835,54900
West Coast University-Ontario,3,34835,34835,54900
South University-Richmond,3,17014,17014,33400
SUM Bible College and Theological Seminary,2,9964,9964,.
American Public University System,3,6880,6880,62400
Columbia Southern University,3,5535,5535,.
Trident University International,3,9240,9240,.
The Art Institute of Austin,3,17568,17568,34100
Chamberlain University-Ohio,3,19375,19375,58400
United States University,3,10800,10800,.
Ecclesia College,2,15140,15140,.
Nevada State College,1,5438,17458,.
Birthingway College of Midwifery,2,.,.,.
University of the Potomac-VA Campus,3,15804,15804,47600
Faith International University,2,7875,7875,.
Williamson Christian College,2,13525,13525,.
DigiPen Institute of Technology,3,31340,31340,80200
Strayer University-Tennessee,3,13380,13380,45900
Yeshiva Shaarei Torah of Rockland,2,12500,12500,.
Embry-Riddle Aeronautical University-Prescott,2,35654,35654,66200
Allegheny Wesleyan College,2,7000,7000,.
Atlantic Institute of Oriental Medicine,2,.,.,.
National American University-Ellsworth AFB Extension,3,6075,6075,34500
Bethesda University,2,8095,8095,.
World Mission University,2,6200,6200,.
Harrisburg University of Science and Technology,2,23900,23900,.
Careers Unlimited,3,.,.,.
Arizona State University-Downtown Phoenix,1,10822,28336,47700
Louisiana State University Health Sciences Center-Shreveport,1,.,.,96700
University of Phoenix-New Jersey,3,.,.,47100
Flagler College-Tallahassee,2,.,.,38900
American InterContinental University-Houston,3,14640,14640,37300
Northcentral University,3,.,.,.
Beis Medrash Heichal Dovid,2,9500,9500,.
College of Biblical Studies,2,12400,12400,32500
New College of Florida,1,6916,29944,.
College of Biblical Studies-Houston,2,6955,6955,39900
University of Connecticut-Stamford,1,13698,36066,58400
Linfield College-School of Nursing,2,.,.,55200
American InterContinental University-Atlanta,3,12070,12070,37300
Shasta Bible College and Graduate School,2,12060,12060,.
Charter Oak State College,1,8301,10854,38800
University of Phoenix-Washington,3,.,.,47100
Alaska Bible College,2,9600,9600,.
Ottawa University-Milwaukee,2,.,.,41500
University of Alabama at Birmingham,1,8568,19704,41200
Heritage Christian University,2,11232,11232,.
University of Arkansas for Medical Sciences,1,.,.,61000
Prescott College,2,31485,31485,33200
Central Baptist College,2,16200,16200,35300
Crowley's Ridge College,2,13600,13600,26000
Arizona Christian University,2,26796,26796,32200
Philander Smith College,2,13014,13014,24400
Hendrix College,2,45790,45790,39700
Southern Arkansas University Main Campus,1,8756,12866,35700
California Institute of Integral Studies,2,.,.,.
California College of the Arts,2,49138,49138,37200
California Lutheran University,2,42692,42692,54200
Claremont McKenna College,2,54405,54405,72900
Columbia College Hollywood,2,24495,24495,31400
California State University-San Bernardino,1,6922,18802,44500
Central State University,1,6346,8346,26100
Winston-Salem State University,1,5904,16151,33200
University of Akron Main Campus,1,11463,15500,36500
Dickinson State University,1,6768,9546,41700
Gods Bible School and College,2,7040,7040,22600
Cleveland Institute of Art,2,42055,42055,36600
Cleveland Institute of Music,2,41987,41987,40100
Miami University-Hamilton,1,5880,16472,47100
Mount Carmel College of Nursing,2,13907,13907,57700
Mount Saint Joseph University,2,30100,30100,41400
Columbus College of Art and Design,2,35420,35420,32200
University of Dayton,2,42900,42900,55100
Denison University,2,51960,51960,48800
Ohio Wesleyan University,2,45760,45760,45300
Otterbein University,2,31874,31874,43100
Union Institute & University,2,13256,13256,42400
Urbana University,2,23700,23700,35200
Southwestern Christian University,2,15080,15080,29300
The College of Wooster,2,50250,50250,46300
University of Oklahoma-Norman Campus,1,11538,26919,51100
DeSales University,2,37400,37400,49700
Southern Oregon University,1,9615,25545,39000
Eastern Oregon University,1,8679,20739,41200
Chatham University,2,37611,37611,36600
Dickinson College,2,54661,54661,57400
Hussian College-Philadelphia,3,21990,21990,34500
Indiana University of Pennsylvania-Main Campus,1,12979,18730,40800
Mansfield University of Pennsylvania,1,12330,22030,38600
Keystone College,2,26720,26720,33100
Pennsylvania State University-Penn State Wilkes-Barre,1,13586,21770,50100
Misericordia University,2,33240,33240,50400
Pennsylvania State University-Penn State Altoona,1,15198,24450,50100
Mount Aloysius College,2,23110,23110,40800
Pennsylvania State University-Penn State Harrisburg,1,15198,24450,50100
Lehigh University,2,52930,52930,81900
Temple University,1,16970,29066,50500
Saint Francis University,2,36410,36410,52200
Saint Joseph's University,2,44974,44974,59600
Lander University,1,11700,21300,34200
Voorhees College,2,12630,12630,24500
Wofford College,2,43985,43985,51500
Johnson University,2,16060,16060,29800
King University,2,29714,29714,43500
Baptist Memorial College of Health Sciences,2,11900,11900,57000
Belmont University,2,34310,34310,44100
Carson-Newman University,2,27900,27900,36000
Cumberland University,2,22890,22890,38700
Lipscomb University,2,32144,32144,43200
Northern State University,1,8497,11470,35300
South Dakota State University,1,8764,12128,44400
University of Sioux Falls,2,18280,18280,40100
Welch College,2,19012,19012,30100
Dallas Baptist University,2,28870,28870,43200
University of Dallas,2,40652,40652,47400
Midwestern State University,1,9233,11183,41100
The University of Texas Medical Branch at Galveston,1,.,.,77600
The University of Texas at Arlington,1,10496,26533,48700
Marymount University,2,31926,31926,53600
Virginia Commonwealth University,1,14493,35834,44000
Pacific Lutheran University,2,42436,42436,49400
Whitworth University,2,43640,43640,42100
Salem University,3,16700,16700,28900
Appalachian Bible College,2,14720,14720,26700
West Virginia State University,1,8212,17666,29800
West Virginia University Institute of Technology,1,7464,18648,45800
Beloit College,2,50040,50040,42400
Cardinal Stritch University,2,29998,29998,48500
University of Wisconsin-Whitewater,1,7692,16265,42600
University of Wisconsin-La Crosse,1,9107,17776,48000
Antioch University-Seattle,2,.,.,38200
University of Maine,1,11170,30970,42500
Purdue University Global-Lewiston,1,14343,14343,33900
College of the Atlantic,2,43542,43542,24600
Thomas College,2,26900,26900,38100
Saint Joseph Seminary College,2,18230,18230,.
Hood College,2,39492,39492,45300
St. John's College,2,53343,53343,36900
Towson University,1,9940,23208,50800
University of Maryland Baltimore,1,.,.,89700
McDaniel College,2,43260,43260,49700
University of Maryland-College Park,1,10595,35216,62900
Morgan State University,1,7900,18167,40500
Washington Adventist University,2,23900,23900,42600
Coppin State University,1,8873,15144,38100
Curry College,2,40070,40070,45900
University of Massachusetts-Lowell,1,15180,32827,53300
Bentley University,2,49880,49880,86900
University of Massachusetts-Amherst,1,15887,34570,51400
New England College of Optometry,2,.,.,97900
Springfield College,2,37444,37444,45100
Calvin University,2,34600,34600,44800
Stonehill College,2,42746,42746,60800
Concordia University-Ann Arbor,2,29290,29290,39100
Westfield State University,1,10429,16509,46100
Davenport University,2,18414,18414,30700
Worcester State University,1,10161,16241,48200
Northern Michigan University,1,10729,16225,35500
Kettering University,2,43490,43490,80500
Lake Superior State University,1,11895,11895,37700
Grace Christian University,2,13945,13945,28600
Minnesota State University-Mankato,1,8184,16235,44900
Concordia College at Moorhead,2,39878,39878,44500
Finlandia University,2,22758,22758,32400
University of Minnesota-Twin Cities,1,14760,30438,51900
University of Minnesota-Duluth,1,13366,18484,47200
Western Michigan University,1,12483,15373,45000
Delta State University,1,7246,7246,33700
Southeastern Baptist College,2,6025,6025,.
Conception Seminary College,2,22379,22379,.
Lincoln University,1,7632,14172,31400
Tougaloo College,2,10600,10600,27500
Logan University,2,6800,6800,45400
Maryville University of Saint Louis,2,28470,28470,47200
Florida Memorial University,2,15536,15536,27600
Trinity International University-Florida,2,13680,13680,41100
Florida Southern College,2,36348,36348,41400
University of Miami,2,50226,50226,60100
University of Florida,1,6381,28659,56000
Hobe Sound Bible College,2,6595,6595,.
Trinity Baptist College,2,12140,12140,33600
Rollins College,2,49760,49760,45700
North Park University,2,29860,29860,43700
Benedictine University,2,34290,34290,49000
Northern Illinois University,1,14617,14617,45500
Lincoln College,2,18600,18600,30900
Illinois Wesleyan University,2,47636,47636,59100
Northeastern Illinois University,1,11218,20726,37900
Principia College,2,29470,29470,.
Dominican University,2,33434,33434,47100
Indiana Institute of Technology,2,26900,26900,42700
Clarke University,2,33350,33350,41300
University of Saint Francis-Fort Wayne,2,30430,30430,40400
Saint Mary's College,2,42220,42220,46200
Indiana University-Northwest,1,7344,19400,36300
Indiana University-Southeast,1,7344,19400,37900
Drake University,2,41396,41396,58300
Valparaiso University,2,40260,40260,48500
Faith Baptist Bible College and Theological Seminary,2,16876,16876,35400
Graceland University-Lamoni,2,29240,29240,36200
Purdue University Global-Mason City,1,14343,14343,33900
Marian University,2,34000,34000,43300
Martin University,2,13200,13200,24700
Bethel College-North Newton,2,28540,28540,40800
Simpson College,2,39144,39144,47500
Upper Iowa University,2,30450,30450,42900
Barclay College,2,19000,19000,33900
Friends University,2,28415,28415,41800
William Penn University,2,25600,25600,42100
Mount Mercy University,2,31998,31998,45300
Tabor College,2,28260,28260,40800
Kentucky Wesleyan College,2,26160,26160,36700
Ottawa University-Kansas City,2,.,.,41500
Bellarmine University,2,42200,42200,45700
Southwestern College,2,30150,30150,46400
University of Louisville,1,11656,27278,41800
Grambling State University,1,7435,16458,28100
Morehead State University,1,9070,13546,33100
Louisiana State University Health Sciences Center-New Orleans,1,.,.,68800
Louisiana State University-Shreveport,1,7327,20481,35700
Loyola University New Orleans,2,39942,39942,47100
Southern University at New Orleans,1,7033,15934,28600
University of Louisiana at Monroe,1,8554,20654,37500
Chestnut Hill College,2,36180,36180,43600
Curtis Institute of Music,2,2900,2900,.
Marywood University,2,34910,34910,39600
Kutztown University of Pennsylvania,1,10802,22626,41600
Messiah University,2,35160,35160,45100
Pennsylvania State University-Penn State Lehigh Valley,1,14468,23028,50100
Lancaster Bible College,2,25270,25270,34300
Pennsylvania State University-Penn State Fayette- Eberly,1,13702,21886,50100
Lock Haven University,1,10878,20702,41500
Pennsylvania State University-Penn State Greater Allegheny,1,13702,21886,50100
Pennsylvania State University-Penn State Schuylkill,1,14468,23028,50100
Pennsylvania State University-Penn State York,1,14468,23028,50100
Peirce College,2,15060,15060,46500
Pennsylvania College of Art and Design,2,25850,25850,28400
Thomas Jefferson University,2,40651,40651,80300
University of Pittsburgh-Bradford,1,13900,25144,53900
University of Scranton,2,44532,44532,57500
University of Pittsburgh-Pittsburgh Campus,1,19080,32052,53900
Shippensburg University of Pennsylvania,1,12718,20760,45000
Wilson College,2,24595,24595,33100
Southern Wesleyan University,2,25476,25476,39200
Presbyterian College,2,38660,38660,44500
Northpoint Bible College,2,12380,12380,30300
Furman University,2,49532,49532,51200
University of South Carolina-Columbia,1,12616,33298,44900
South Carolina State University,1,11060,21750,29800
Augustana University,2,33018,33018,43700
Black Hills State University,1,8733,11778,35900
Bryan College-Dayton,2,26800,26800,41300
Lee University,2,17690,17690,34200
National American University-Sioux Falls,3,15000,15000,34500
The University of Tennessee-Chattanooga,1,8664,24782,38100
The University of Tennessee-Knoxville,1,13006,31426,45100
Austin College,2,39960,39960,48200
Tusculum University,2,24860,24860,38300
Vanderbilt University,2,49816,49816,69000
The University of the South,2,45120,45120,45500
Miami International University of Art & Design-Art Institute Dallas,3,17568,17568,33400
Platt College-Aurora,3,19286,19286,29400
Yeshiva Gedolah of Greater Detroit,2,6800,6800,.
Brandman University,2,12380,12380,.
Yeshiva Gedolah Imrei Yosef D'spinka,2,9500,9500,13800
Arizona State University-West,1,9840,25576,47700
St. Mary's University,2,30650,30650,46600
The University of Texas at El Paso,1,8198,22629,40000
Southwestern University,2,42000,42000,54000
Texas State University,1,10280,21900,45700
Prairie View A & M University,1,10533,24843,35700
Texas Southern University,1,9173,21623,31300
Tarleton State University,1,7292,17252,42500
Goddard College,2,16586,16586,25400
Northern Vermont University,1,12074,25394,33200
Marlboro College,2,40840,40840,27600
Middlebury College,2,54450,54450,58200
Saint Michael's College,2,45375,45375,50800
Averett University,2,34520,34520,41800
Stevens-Henager College,2,16972,16972,28800
Bennington College,2,53860,53860,29500
Longwood University,1,13340,29300,41500
Bon Secours Memorial College of Nursing,2,.,.,61100
University of Lynchburg,2,39530,39530,43600
Roanoke College,2,44155,44155,44700
Eastern Mennonite University,2,37110,37110,40300
Ferrum College,2,34175,34175,37300
George Mason University,1,12462,35922,59900
Hampden-Sydney College,2,45746,45746,52200
James Madison University,1,12016,28416,56600
University of Virginia-Main Campus,1,17653,49032,61200
Virginia Wesleyan University,2,36660,36660,40700
Gonzaga University,2,43210,43210,56100
Walla Walla University,2,28035,28035,46400
Washington State University,1,11584,25820,50600
Northwest University,2,31540,31540,41300
Carthage College,2,43550,43550,44700
Concordia University-Wisconsin,2,29450,29450,42800
Southern New Hampshire University,2,31136,31136,45400
Plymouth State University,1,14099,22769,41700
Montclair State University,1,12790,20578,49600
Fairleigh Dickinson University-Metropolitan Campus,2,40732,40732,48100
Georgian Court University,2,32976,32976,44400
Caldwell University,2,34715,34715,44400
New Jersey City University,1,12052,21574,42700
Rabbinical College of America,2,11500,11500,25600
Rider University,2,42860,42860,50600
Rutgers University-New Brunswick,1,14974,31282,57900
CUNY Brooklyn College,1,7240,14910,43900
CUNY Graduate School and University Center,1,.,.,56600
CUNY John Jay College of Criminal Justice,1,7270,14940,44900
Hartwick College,2,45510,45510,45800
Mesivtha Tifereth Jerusalem of America,2,11500,11500,.
Hobart William Smith Colleges,2,55255,55255,53500
Manhattanville College,2,38820,38820,45600
Mount Saint Mary College,2,31118,31118,51600
Marist College,2,39600,39600,56900
Skidmore College,2,54420,54420,49700
Saint John Fisher College,2,34310,34310,47800
University of Rochester,2,53909,53909,61200
St John's University-New York,2,41760,41760,55200
St Francis College,2,26188,26188,45700
Pace University,2,45280,45280,60300
St Lawrence University,2,54846,54846,50100
Union College,2,55290,55290,65400
Appalachian State University,1,7364,22171,38800
University of Jamestown,2,21976,21976,43800
Lake Erie College,2,31422,31422,36200
The University of Findlay,2,34360,34360,43200
Franklin University,2,12649,12649,48500
Ursuline College,2,32390,32390,47800
Shawnee State University,1,8556,14714,34200
Ohio State University-Main Campus,1,10726,30742,46100
Langston University,1,6226,13586,27700
Northeastern State University,1,6650,14720,35800
Wright State University-Lake Campus,1,6194,15338,39500
Northwestern Oklahoma State University,1,7471,14558,36400
Oklahoma Baptist University,2,28258,28258,40500
Allegheny College,2,47540,47540,50900
Bryn Mawr College,2,52360,52360,54600
Western Oregon University,1,10197,26421,39700
Lewis & Clark College,2,50934,50934,46200
National University of Natural Medicine,2,.,.,.
Northwest Christian University,2,30050,30050,43100
Oregon Health & Science University,1,.,.,89000
Oregon Institute of Technology,1,10118,28668,56600
Oregon College of Art and Craft,2,34850,34850,25100
Pacific Northwest College of Art,2,38250,38250,27400
Geneva College,2,27230,27230,38700
Duquesne University,2,38178,38178,58500
Carnegie Mellon University,2,55465,55465,83600
Eastern University,2,32947,32947,42500
Edinboro University of Pennsylvania,1,10574,14622,35400
Saint Louis Christian College,2,11560,11560,27300
Carroll College,2,35486,35486,45900
University of Missouri-St Louis,1,9792,26040,42900
Southwest Baptist University,2,24078,24078,33700
Montana State University Billings,1,5928,19246,34600
Saint Luke's College of Health Sciences,2,.,.,62300
Ozark Christian College,2,12620,12620,30500
Missouri State University-Springfield,1,7376,15326,39300
Montana Technological University,1,7412,22575,41700
Research College of Nursing,3,.,.,70700
Rockhurst University,2,37590,37590,50800
The University of Montana,1,7244,24959,35500
Saint Louis University,2,43884,43884,56500
Westminster College,2,27600,27600,42700
Dartmouth College,2,55453,55453,75500
Doane University,2,33800,33800,44300
Wayne State College,1,7172,12602,36100
New England College,2,37914,37914,37900
University of Nevada-Reno,1,7599,22236,47000
Midland University,2,32598,32598,39900
Nebraska Christian College of Hope International University,2,17665,17665,29200
Purdue University Global-Omaha,1,14343,14343,33900
Nebraska Wesleyan University,2,34202,34202,46000
Saint Anselm College,2,41200,41200,58300
Adelphi University,2,38740,38740,58500
Beth Hamedrash Shaarei Yosher Institute,2,9350,9350,.
CUNY Medgar Evers College,1,7152,14822,35900
Mid-America Christian University,2,19604,19604,37700
Northwest College of Art & Design,3,20600,20600,30600
Mt Sierra College,3,15588,15588,41600
Watkins College of Art Design & Film,2,24450,24450,36500
Everglades University,2,17600,17600,42100
Southwest University of Visual Arts-Albuquerque,3,22613,22613,30200
Johnson & Wales University-North Miami,2,32441,32441,38800
Anderson University,2,28000,28000,35200
Yeshivath Beth Moshe,2,9400,9400,.
York College of Pennsylvania,2,20100,20100,50400
Brown University,2,55466,55466,67500
College of Charleston,1,12838,32020,40700
Claflin University,2,16854,16854,28500
Rhode Island College,1,8929,21692,41400
Morris College,2,13886,13886,23600
Rhode Island School of Design,2,50960,50960,51100
Salve Regina University,2,40150,40150,53500
Christian Brothers University,2,32820,32820,44200
Maryville College,2,34880,34880,39000
Lubbock Christian University,2,22440,22440,41800
Houston Baptist University,2,32530,32530,45800
University of St Thomas,2,33580,33580,49600
Texas A & M University-College Station,1,11870,37495,58000
University of North Texas,1,10852,20812,45000
Southern Methodist University,2,54492,54492,60700
Paul Quinn College,2,8920,8920,27700
Texas Wesleyan University,2,30300,30300,42000
Texas Woman's University,1,7796,17756,44700
The University of Texas Health Science Center at Houston,1,.,.,90300
Southern Vermont College,2,25511,25511,34200
Wayland Baptist University,2,20070,20070,41300
Southern Utah University,1,6770,20586,39800
Jewish Theological Seminary of America,2,56778,56778,.
The Juilliard School,2,45110,45110,32800
Davis College,2,17150,17150,31900
Rabbinical College Bobover Yeshiva Bnei Zion,2,7750,7750,15600
New York University,2,51828,51828,61900
Rabbinical Seminary of America,2,9800,9800,.
Niagara University,2,33180,33180,42800
Rochester Institute of Technology,2,42345,42345,62400
New York School of Interior Design,2,24834,24834,52200
St. Thomas Aquinas College,2,31950,31950,46900
SUNY College of Agriculture and Technology at Cobleskill,1,8654,18434,35000
Torah Temimah Talmudical Seminary,2,11050,11050,.
Excelsior College,2,.,.,.
Campbell University,2,32500,32500,45900
SUNY Buffalo State,1,8210,17990,39800
SUNY Cortland,1,8536,18316,47000
State University of New York at New Paltz,1,8254,18034,45000
SUNY College at Potsdam,1,8462,18242,39700
SUNY at Purchase College,1,8698,18478,35200
SUNY College at Plattsburgh,1,8369,18149,42400
Syracuse University,2,51853,51853,62100
Talmudical Institute of Upstate New York,2,6150,6150,.
University of North Carolina at Chapel Hill,1,8987,35170,55600
North Carolina Wesleyan College,2,30750,30750,38600
Meredith College,2,37176,37176,39500
University of Mount Olive,2,20600,20600,39500
Guilford College,2,37120,37120,36400
Shaw University,2,16480,16480,29200
Minot State University,1,7064,7064,41200
Southeastern Baptist Theological Seminary,2,9394,9394,.
University of North Dakota,1,8695,20759,48700
Concord University,1,8211,17655,32300
West Virginia Wesleyan College,2,31640,31640,43600
Lakeland University,2,28870,28870,42800
Alverno College,2,28302,28302,38800
Marian University,2,27400,27400,41700
Ohio Valley University,2,21900,21900,37200
Milwaukee Institute of Art & Design,2,37360,37360,33300
Mount Mary University,2,30100,30100,40000
University of Wisconsin-Superior,1,8126,15699,36700
University of Wisconsin-Milwaukee,1,9588,20867,44200
Saint Norbert College,2,38129,38129,46400
Holy Family College,2,28390,28390,37600
University of Wisconsin-Stevens Point,1,8239,16506,40200
Purdue University-Main Campus,1,9992,28794,55100
Purdue University Global-Cedar Falls,1,14343,14343,33900
Rutgers University-Newark,1,14409,30717,57900
Albany College of Pharmacy and Health Sciences,2,35105,35105,124700
Stockton University,1,13739,20866,47500
Talmudical Academy-New Jersey,2,13700,13700,.
Thomas Edison State University,1,7519,9967,49600
New Mexico State University-Main Campus,1,6686,21770,34600
Colgate University,2,55870,55870,63600
Boricua College,2,11025,11025,32800
Columbia University in the City of New York,2,59430,59430,83300
D'Youville College,2,26750,26750,46400
Elmira College,2,41900,41900,45900
Mercy College,2,19042,19042,39700
Le Moyne College,2,34625,34625,49600
Hofstra University,2,45700,45700,53100
Houghton College,2,32488,32488,37400
Manhattan College,2,42608,42608,65000
College of Mount Saint Vincent,2,38180,38180,54400
Vassar College,2,56960,56960,54600
Wells College,2,40700,40700,35100
SUNY at Albany,1,10011,26851,51500
Binghamton University,1,9808,26648,61600
Bennett College,2,18513,18513,30600
Brevard College,2,28640,28640,31600
SUNY College of Environmental Science and Forestry,1,8874,18654,45600
University of North Carolina at Charlotte,1,6853,20287,44000
Johnson C Smith University,2,18236,18236,28400
Chowan University,2,24980,24980,34300
North Carolina State University at Raleigh,1,9101,28444,52500
Mars Hill University,2,32968,32968,31500
Duke University,2,55695,55695,84400
Pfeiffer University,2,30234,30234,39200
Methodist University,2,33852,33852,39300
Elon University,2,35319,35319,51900
Fayetteville State University,1,5249,16857,31200
Mayville State University,1,6666,9399,39300
Bob Jones University,2,18150,18150,.
Moody Bible Institute,2,13056,13056,.
